point,zoom,x,y,http_status,pixels,valid,nodata,below_sea_level,true_min_m,true_max_m,linear_max_m
sapporo,8,228,94,200,65536,35692,29844,0,0.0,1813.56,83886.08
sapporo,11,1828,752,200,65536,65536,0,0,7.07,437.73,437.73
sapporo,14,14625,6016,200,65536,65536,0,0,14.98,26.56,26.56
hakodate,8,228,95,200,65536,13396,52140,0,0.0,1136.07,83886.08
hakodate,11,1824,762,200,65536,2582,62954,0,0.0,331.28,83886.08
hakodate,14,14596,6096,200,65536,44277,21259,0,0.0,62.5,83886.08
asahikawa,8,229,93,200,65536,65536,0,0,42.08,2177.83,2177.83
asahikawa,11,1833,746,200,65536,65536,0,0,72.97,602.28,602.28
asahikawa,14,14671,5972,200,65536,65536,0,0,110.69,123.95,123.95
kushiro,8,230,94,200,65536,12694,52842,0,0.0,600.2,83886.08
kushiro,11,1845,752,200,65536,52826,12710,0,0.0,111.19,83886.08
kushiro,14,14762,6021,200,65536,37445,28091,0,0.0,30.84,83886.08
wakkanai,8,228,91,200,65536,8830,56706,0,0.0,1579.1,83886.08
wakkanai,11,1829,733,200,65536,10882,54654,0,0.0,207.94,83886.08
wakkanai,14,14639,5866,200,65536,54440,11096,0,0.0,172.43,83886.08
assabu,8,227,95,200,65536,15828,49708,0,0.0,982.35,83886.08
assabu,11,1821,760,200,65536,55188,10348,0,0.0,1001.18,83886.08
assabu,14,14573,6086,200,65536,65536,0,0,5.0,96.6,96.6
ogata_below_sea_level,8,227,96,200,65536,28937,36599,652,-4.84,1482.29,167772.14
ogata_below_sea_level,11,1820,775,200,65536,65513,23,34431,-4.91,218.29,167772.15
ogata_below_sea_level,14,14564,6202,200,65536,65536,0,65536,-4.9,-2.84,167769.32
uchiura_bay_offshore,8,227,94,200,65536,23005,42531,0,0.0,1440.32,83886.08
uchiura_bay_offshore,11,1823,757,404,,,,,,,
uchiura_bay_offshore,14,14590,6063,404,,,,,,,
