layer,vt_code,spec_name,spec_zooms,observed_zooms,outside_zooms,status,examples
AdmArea,,行政区画,4 5 6 7,4 5 6 7,,consistent,
AdmArea,1103,郡市・東京都の区,14 15 16 17,14,,consistent,
AdmArea,1104,町村・指定都市の区,14 15 16 17,14,,consistent,
Anno,110,市区町村,8 9 10 11 12 13 14 15 16,11 12 13 14,,consistent,中央区 / 白石区 / 豊平区
Anno,130,郡,11 12 13,11 12,,consistent,爾志郡 / 檜山郡
Anno,140,都道府県,6 7 8 9 10,6 7 8,,consistent,北海道
Anno,210,公称（町字名）,13 14 15 16,13 14,,consistent,住吉町 / 春日町 / 南浜町
Anno,220,集落名称（通称）,13 14 15 16,13,,consistent,菊水 / 豊平 / 神楽
Anno,311,山の総称,6 7 8 9 10 11 12 13 14 15 16,6 7 8,,consistent,十勝岳 / 大雪山 / 羊蹄山
Anno,312,山、岳、峰等,11 12 13 14 15 16,11,,consistent,白旗山 / 函館山 / 常磐山
Anno,315,山、岳、峰等（１０００ｍ以上）,9 10,9,,consistent,風不死岳 / 樽前山 / 横津岳
Anno,316,山、岳、峰等（１０００ｍ未満）,9 10,9 10,,consistent,藻岩山 / 函館山 / 恵山
Anno,321,湖、沼、池、浦等,7 8 9 10 11 12 13 14 15 16,7 8 9 11 12 13,,consistent,洞爺湖 / 支笏湖
Anno,322,河川、用水等,10 11 12 13 14 15 16,10 11 12 13 14,,consistent,千歳川 / 美瑛川 / 庶路川
Anno,323,沢、瀬、淵、瀞、谷、峡、雪渓、河原、州、滝、浜、崎、半島、尻、島等,11 12 13 14 15 16,11,,consistent,神居古潭
Anno,331,高原、原、森、林、砂丘、湿原,8 9 10 11 12 13 14 15 16,8 9,,consistent,白糠丘陵 / 宗谷丘陵
Anno,332,岩、溶岩、崖、鍾乳洞、温泉、湧水、噴泉、噴火口、峠、坂等,8 9 10 11 12 13 14 15 16,8,,consistent,中山峠 / 狩勝峠 / 北見峠
Anno,333,山脈、山地、平原（ZL4-7）,6 7 8 9 10 11 12 13,6 7 8 9 10,,consistent,日高山脈
Anno,342,海岸、浜、半島,14 15 16,14,,consistent,大森浜
Anno,343,岬、鼻、崎、磯、敷等,7 8 9 10 11 12 13 14 15 16,7 8 9 10 11 12 13,,consistent,大間崎 / 尻屋崎 / 襟裳岬
Anno,345,湾、淵、浦、瀬、海峡、瀬戸等、水道,6 7 8 9 10 11 12 13,8 9 10 11 12,,consistent,内浦湾（噴火湾） / 津軽海峡 / 陸奥湾
Anno,346,半島,7 8 9 10 11 12 13,7 8 9 10,,consistent,渡島半島
Anno,347,海岸、浜、洲、干潟,8 9 10 11 12 13,8 11 12,,consistent,七里長浜
Anno,351,群島、列島、島の総称等,4 5 6 7 8 9 10 11 12 13,4 5 6,,consistent,歯舞群島
Anno,352,島,4 5 6 7 8 9 10 11 12 13 14 15 16,4 5 6 7 8 9 10,,consistent,奥尻島 / 大島 / 小島
Anno,353,はえ、岩礁等,11 12 13 14 15 16,11 12,,consistent,知人礁 / 御供岩 / 立岩
Anno,411,道路名,9 10 11 12 13 14 15 16,9 10 11 12 14,,consistent,道央自動車道 / 道東自動車道 / 日高自動車道
Anno,412,道路施設（ＩＣ、PA、道の駅等）,11 12 13 14 15 16 17,11 12 13 14,,consistent,道の駅
Anno,413,道路構造物（橋、トンネル等）,11 12 13 14 15 16 17,11 14,,consistent,湯内トンネル
Anno,421,鉄道路線名,11 12 13 14 15 16 17,11 12 13 14,,consistent,函館本線 / 地下鉄南北線 / 富良野線
Anno,422,鉄道駅名,11 12 13 14 15 16 17,11 12 13 14,,consistent,桑園駅 / 札幌駅 / 苗穂駅
Anno,423,鉄道構造物（橋、トンネル、操車場等）,11 12 13 14 15 16 17,11,,consistent,神居トンネル
Anno,431,港湾,11 12 13 14 15 16,11 12 14,,consistent,釧路港
Anno,432,港湾施設（フェリー発着所、埠頭等）,14 15 16 17,14,,consistent,漁業埠頭 / 北埠頭 / 中央埠頭
Anno,511,構造物名称（高塔、煙突等）,11 12 13 14 15 16 17,14,,consistent,テレビ塔 / 百年記念塔
Anno,531,土地利用名（演習場、ゴルフ場、遊園地、建設予定地等）,11 12 13 14 15 16,11 14,,consistent,北海道中央農場
Anno,532,史跡名勝天然記念物,11 12 13 14 15 16,11 12,,consistent,北斗遺跡 / ヒブナ生息地
Anno,534,公園,11 12 13 14 15 16,11 12 14,,consistent,札幌ドーム
Anno,615,自衛隊・米軍,14 15 16,14,,consistent,海上自衛隊函館基地隊
Anno,621,都道府県庁、北海道の総合振興局・振興局、支庁,11 12 13 14 15 16,11 12 13,,consistent,振興局 / 道庁 / 総合振興局
Anno,631,大学・大学院,13 14 15 16,13,,consistent,札幌医科大 / 北海学園大 / 北海商科大
Anno,661,神社,13 14 15 16,13 14,,consistent,上川神社
Anno,662,寺院,13 14 15 16,14,,consistent,禅徳寺 / 量徳寺
Anno,673,文教施設,11 12 13 14 15 16,14,,consistent,市民ホール / 体育館 / 総合文化センター
Anno,681,その他の主要・著名な建物,11 12 13 14 15 16,14,,consistent,時計台 / 聖ヨハネ教会 / 卸売市場
Anno,1301,都市記号（人口100万人以上）,4 5 6 7,4 5 6 7,,consistent,札幌
Anno,1303,都市記号（人口50万人未満）,4 5 6 7,4 5 6 7,,consistent,奥尻 / 礼文 / 利尻富士
Anno,1401,都道府県所在地,8 9 10,8 9 10,,consistent,札幌
Anno,1402,市役所・東京都の区役所（都道府県所在都市以外）,8 9 10,8 9 10,,consistent,伊達 / 室蘭 / 登別
Anno,1403,町・村役場・政令指定都市の区役所,9 10,9 10,,consistent,南幌 / 長沼 / 栗山
Anno,2901,国道番号,9 10 11 12 13 14 15 16 17,9 10 11 12 13 14,,consistent,36 / 12 / 453
Anno,2904,高速道路番号,8 9 10 11 12 13,8 9 10 11,,consistent,E5 / E38 / E63
Anno,2941,インターチェンジ,10 11 12 13,10 11,,consistent,北郷ＩＣ / 大谷地ＩＣ / 札幌南ＩＣ
Anno,2942,ジャンクション,10 11 12 13,10,,consistent,千歳恵庭ＪＣＴ / 深川ＪＣＴ
Anno,2945,スマートインターチェンジ,10 11 12 13,10,,consistent,輪厚ＳＩＣ
Anno,3201,官公署,14 15 16,14,,consistent,
Anno,3203,税務署,14 15 16,14,,consistent,
Anno,3205,市役所・東京都の区役所,13 14 15 16,13 14,,consistent,釧路市
Anno,3206,町村役場・政令指定都市の区役所,13 14 15 16,13 14,,consistent,
Anno,3211,交番,14 15 16,14,,consistent,
Anno,3212,学校　高等学校・中等教育学校,13 14 15 16,13 14,,consistent,
Anno,3213,学校　中学校,14 15 16,14,,consistent,
Anno,3214,学校　小学校,14 15 16,14,,consistent,
Anno,3215,老人ホーム,14 15 16,14,,consistent,
Anno,3216,博物館法の登録博物館・博物館相当施設,14 15 16,14,,consistent,
Anno,3217,図書館,14 15 16,14,,consistent,
Anno,3218,郵便局,13 14 15 16,13 14,,consistent,
Anno,3221,灯台,8 9 10 11 12 13 14 15 16,8 9 10 11 12,,consistent,
Anno,3231,神社　通常の神社,14 15 16,14,,consistent,
Anno,3232,寺院　通常の寺院,14 15 16,14,,consistent,
Anno,3241,警察署,13 14 15 16,13 14,,consistent,
Anno,3242,消防署,14 15 16,14,,consistent,
Anno,3243,病院,13 14 15 16,13 14,,consistent,
Anno,3244,保健所,14 15 16,14,,consistent,
Anno,4102,風車,13 14 15 16,13 14,,consistent,
Anno,4104,記念碑,14 15 16,14,,consistent,
Anno,6301,墓地,14 15 16,14,,consistent,
Anno,6311,耕地植生　田,13 14 15 16,13 14,,consistent,
Anno,6312,耕地植生　畑,13 14 15 16,13 14,,consistent,
Anno,6321,未耕地植生　広葉樹林,13 14 15 16,14,,consistent,
Anno,6322,未耕地植生　針葉樹林,13 14 15 16,14,,consistent,
Anno,6326,未耕地植生　笹地,14 15 16,14,,consistent,
Anno,6327,未耕地植生　荒地,14 15 16,14,,consistent,
Anno,6331,温泉,13 14 15 16,13 14,,consistent,
Anno,6341,史跡・名勝・天然記念物,11 12 13 14 15 16,11 12 13,,consistent,
Anno,6351,採鉱地,9 10 11 12 13 14 15 16,9 10 11,,consistent,
Anno,6361,港湾,11 12 13 14 15 16,11 12 13 14,,consistent,
Anno,6362,漁港,11 12 13 14 15 16,11 12,,consistent,
Anno,6367,特定重要港,8 9 10,8 9,,consistent,
Anno,6368,主要な港,7,7 8 9 10,8 9 10,outside_spec_zoom,室蘭 / 苫小牧
Anno,6375,国際空港,8 9 10,8 9 10,,consistent,
Anno,6376,主要な空港,7,7 8,8,outside_spec_zoom,新千歳空港 / 函館空港 / 帯広空港
Anno,7101,電子基準点,11 12 13 14 15 16 17,11,,consistent,35 / 39
Anno,7102,三角点,9 10 11 12 13 14 15 16,9 10 11 12 13 14,,consistent,15 / 20 / 239
Anno,7103,水準点,14 15 16,14,,consistent,17.6 / 113.6 / 116.4
Anno,7201,標高点（測点）,9 10 11 12 13 14 15 16,9 10 11 14,,consistent,531 / 1102 / 1167
Anno,7221,標高（火山）,9 10,9,,consistent,1041 / 617
Anno,8103,発電所等,14 15 16,14,,consistent,
Anno,8105,電波塔,14 15 16,14,,consistent,
WA,5100,海,14 15 16,14,,consistent,
WA,5101,海岸線 / 通常部,8 9 10 11 12 13,8 9 10 11 12 13,,consistent,
WA,5200,河川・湖池,14 15 16,14,,consistent,
WA,5201,河川 / 通常部,9 10 11 12 13,10 11 12 13,,consistent,
WA,5231,湖池 / 通常部,8 9 10 11 12 13,8 9,,consistent,
WA,5242,湖池,4 5 6 7 8 9 10 11 12 13,4 5 6 7,,consistent,
