zoom,layer,vt_code,features,tiles,examples
4,AdmArea,,23,1,
4,AdmBdry,1221,2,1,
4,Anno,1301,1,1,札幌
4,Anno,1303,24,1,奥尻 / 礼文 / 利尻富士
4,Anno,351,1,1,歯舞群島
4,Anno,352,17,1,奥尻島 / 大島 / 小島
4,Cstline,5101,23,1,
4,RailCL,8201,6,1,
4,RdCL,2701,32,1,
4,WA,5242,8,1,
5,AdmArea,,21,1,
5,AdmBdry,1221,1,1,
5,Anno,1301,1,1,札幌
5,Anno,1303,21,1,奥尻 / 礼文 / 利尻富士
5,Anno,351,1,1,歯舞群島
5,Anno,352,15,1,奥尻島 / 大島 / 小島
5,Cstline,5101,21,1,
5,RailCL,8201,3,1,
5,RdCL,2701,30,1,
5,WA,5242,8,1,
5,WRltLine,5902,17,1,
6,AdmArea,,25,3,
6,AdmBdry,1221,1,1,
6,Anno,1301,1,1,札幌
6,Anno,1303,21,3,小樽 / 留萌 / 江別
6,Anno,140,1,1,北海道
6,Anno,311,6,1,十勝岳 / 大雪山 / 羊蹄山
6,Anno,333,1,1,日高山脈
6,Anno,351,1,1,歯舞群島
6,Anno,352,16,3,利尻島 / 天売島 / 焼尻島
6,Cstline,5101,25,3,
6,RailCL,8201,57,3,
6,RdCL,2701,139,3,
6,WA,5242,7,1,
6,WRltLine,5902,18,2,
7,AdmArea,,20,5,
7,AdmBdry,1221,1,1,
7,Anno,1301,2,2,札幌
7,Anno,1303,17,5,江別 / 室蘭 / 苫小牧
7,Anno,140,1,1,北海道
7,Anno,311,4,2,羊蹄山 / 幌尻岳 / 十勝岳
7,Anno,321,2,1,洞爺湖 / 支笏湖
7,Anno,333,1,1,日高山脈
7,Anno,343,5,3,大間崎 / 尻屋崎 / 襟裳岬
7,Anno,346,1,1,渡島半島
7,Anno,352,11,4,沖岩 / 天売島 / 焼尻島
7,Anno,6368,2,1,室蘭 / 苫小牧
7,Anno,6376,7,4,新千歳空港 / 函館空港 / 帯広空港
7,Cstline,5101,20,5,
7,RailCL,8201,64,5,
7,RdCL,2701,121,5,
7,WA,5242,3,2,
7,WRltLine,5902,18,3,
8,AdmBdry,1211,71,4,
8,Anno,140,1,1,北海道
8,Anno,1401,1,1,札幌
8,Anno,1402,19,5,伊達 / 室蘭 / 登別
8,Anno,2904,21,5,E5 / E38 / E63
8,Anno,311,2,2,恐山 / 大雪山
8,Anno,321,10,6,洞爺湖 / 支笏湖 / 倶多楽湖
8,Anno,3221,32,5,
8,Anno,331,2,2,白糠丘陵 / 宗谷丘陵
8,Anno,332,4,2,中山峠 / 狩勝峠 / 北見峠
8,Anno,333,4,2,夕張山地 / 北見山地 / 石狩山地
8,Anno,343,22,5,チキウ岬 / 葛登支岬 / 汐首岬
8,Anno,345,9,4,内浦湾（噴火湾） / 津軽海峡 / 陸奥湾
8,Anno,346,4,2,亀田半島 / 下北半島 / 松前半島
8,Anno,347,1,1,七里長浜
8,Anno,352,10,3,中島 / 種島 / 海驢島
8,Anno,6367,2,1,
8,Anno,6368,3,3,
8,Anno,6375,5,5,
8,Anno,6376,2,1,
8,RailCL,8201,129,6,
8,RdCL,2701,930,6,
8,RdCL,2704,3,2,
8,WA,5101,5,5,
8,WA,5231,17,6,
8,WRltLine,5902,29,4,
8,WStrA,5411,1,1,
9,AdmBdry,1211,30,3,
9,Anno,1401,1,1,札幌
9,Anno,1402,11,5,北広島 / 恵庭 / 千歳
9,Anno,1403,30,6,南幌 / 長沼 / 栗山
9,Anno,2901,25,6,36 / 12 / 453
9,Anno,2904,14,5,E5 / E38 / E63
9,Anno,315,4,3,風不死岳 / 樽前山 / 横津岳
9,Anno,316,8,4,藻岩山 / 函館山 / 恵山
9,Anno,321,3,3,支笏湖 / 大沼
9,Anno,3221,14,5,
9,Anno,331,1,1,宗谷丘陵
9,Anno,333,1,1,釧路平野
9,Anno,343,8,4,汐首岬 / 大間崎 / 恵山岬
9,Anno,345,4,3,津軽海峡 / 厚岸湾 / 利尻水道
9,Anno,346,2,2,亀田半島 / 松前半島
9,Anno,352,2,2,弁天島 / 鷗島
9,Anno,411,4,2,道央自動車道 / 道東自動車道 / 日高自動車道
9,Anno,6351,2,2,
9,Anno,6367,1,1,
9,Anno,6368,3,3,
9,Anno,6375,5,5,
9,Anno,7102,40,6,15 / 20 / 239
9,Anno,7201,7,4,531 / 1102 / 1167
9,Anno,7221,2,2,1041 / 617
9,Cntr,7351,577,6,
9,RailCL,8201,107,6,
9,RdCL,2701,760,6,
9,RdCL,2704,6,3,
9,WA,5101,5,5,
9,WA,5231,7,4,
9,WRltLine,5902,18,4,
9,WStrA,5411,6,2,
10,AdmBdry,1211,6,2,
10,Anno,1401,1,1,札幌
10,Anno,1402,8,5,北広島 / 恵庭 / 千歳
10,Anno,1403,7,4,南幌 / 大間 / 釧路
10,Anno,2901,8,4,36 / 12 / 453
10,Anno,2904,5,3,E5 / E38 / E44
10,Anno,2941,13,3,北郷ＩＣ / 大谷地ＩＣ / 札幌南ＩＣ
10,Anno,2942,2,2,千歳恵庭ＪＣＴ / 深川ＪＣＴ
10,Anno,2945,1,1,輪厚ＳＩＣ
10,Anno,316,3,3,藻岩山 / 函館山 / 八幡岳
10,Anno,322,7,4,千歳川 / 美瑛川 / 庶路川
10,Anno,3221,6,4,
10,Anno,333,1,1,釧路平野
10,Anno,343,4,3,汐首岬 / 大間崎 / 野寒布岬
10,Anno,345,1,1,津軽海峡
10,Anno,346,1,1,松前半島
10,Anno,352,1,1,鷗島
10,Anno,411,2,2,道央自動車道
10,Anno,6351,1,1,
10,Anno,6368,1,1,
10,Anno,6375,2,2,
10,Anno,7102,8,6,20 / 239 / 415
10,Anno,7201,3,3,531 / 334 / 864
10,Cntr,7351,112,6,
10,RailCL,8201,54,5,
10,RdCL,2701,694,6,
10,RdCL,2704,10,1,
10,RvrCL,5301,261,6,
10,RvrCL,5322,21,5,
10,TpgphArea,7401,184,4,
10,TpgphArea,7403,34,4,
10,WA,5101,4,4,
10,WA,5201,157,6,
10,WRltLine,5902,11,3,
11,AdmBdry,1211,1,1,
11,AdmBdry,1212,30,4,
11,Anno,110,10,4,中央区 / 白石区 / 豊平区
11,Anno,130,2,1,爾志郡 / 檜山郡
11,Anno,2901,23,4,453 / 12 / 36
11,Anno,2904,4,2,E5 / E38 / E44
11,Anno,2941,9,3,北郷ＩＣ / 大谷地ＩＣ / 札幌南ＩＣ
11,Anno,312,5,4,白旗山 / 函館山 / 常磐山
11,Anno,321,1,1,春採湖
11,Anno,322,28,5,厚別川 / 野津幌川 / 豊平川
11,Anno,3221,3,2,
11,Anno,323,1,1,神居古潭
11,Anno,343,5,3,大鼻岬 / 立待岬 / 野寒布岬
11,Anno,345,2,2,津軽海峡 / 坂ノ下湾
11,Anno,347,1,1,弁天ヶ浜
11,Anno,353,3,2,知人礁 / 御供岩 / 立岩
11,Anno,411,3,2,室蘭街道 / 道央自動車道 / 七号
11,Anno,412,4,3,道の駅
11,Anno,413,1,1,湯内トンネル
11,Anno,421,5,3,函館本線 / 地下鉄南北線 / 富良野線
11,Anno,422,28,4,桑園駅 / 札幌駅 / 苗穂駅
11,Anno,423,1,1,神居トンネル
11,Anno,431,1,1,釧路港
11,Anno,531,1,1,北海道中央農場
11,Anno,532,2,1,北斗遺跡 / ヒブナ生息地
11,Anno,534,1,1,札幌ドーム
11,Anno,621,3,2,振興局 / 道庁 / 総合振興局
11,Anno,6341,2,1,
11,Anno,6351,1,1,
11,Anno,6361,2,1,
11,Anno,6362,3,3,
11,Anno,7101,2,2,35 / 39
11,Anno,7102,12,5,20 / 239 / 593
11,Anno,7201,4,4,321 / 334 / 359
11,Cntr,7351,162,6,
11,Cntr,7352,2,1,
11,Cntr,7353,10,3,
11,RailCL,8201,316,5,
11,RdCL,2701,593,6,
11,RdCL,2703,224,5,
11,RdCL,2704,13,1,
11,RdCL,2711,1,1,
11,RvrCL,5301,65,5,
11,RvrCL,5322,4,3,
11,RvrCL,5331,2,1,
11,TpgphArea,7401,155,3,
11,TpgphArea,7403,43,3,
11,WA,5101,4,4,
11,WA,5201,57,6,
11,WRltLine,5902,4,2,
11,WStrA,5411,2,1,
12,AdmBdry,1212,16,3,
12,Anno,110,4,3,中央区 / 白石区 / 釧路市
12,Anno,130,1,1,檜山郡
12,Anno,2901,8,4,453 / 12 / 36
12,Anno,321,1,1,春採湖
12,Anno,322,6,4,松倉川 / 亀田川 / 伊野川
12,Anno,3221,3,2,
12,Anno,343,2,2,立待岬 / 野寒布岬
12,Anno,345,1,1,津軽海峡
12,Anno,347,1,1,弁天ヶ浜
12,Anno,353,1,1,知人礁
12,Anno,411,1,1,七号
12,Anno,412,3,3,道の駅
12,Anno,421,2,2,地下鉄南北線 / 富良野線
12,Anno,422,15,4,桑園駅 / 札幌駅 / 苗穂駅
12,Anno,431,1,1,釧路港
12,Anno,532,1,1,ヒブナ生息地
12,Anno,534,1,1,札幌ドーム
12,Anno,621,3,2,振興局 / 道庁 / 総合振興局
12,Anno,6341,1,1,
12,Anno,6361,2,1,
12,Anno,6362,1,1,
12,Anno,7102,4,4,137 / 32 / 210
12,Cntr,7351,50,5,
12,Cntr,7353,1,1,
12,RailCL,8201,212,5,
12,RdCL,2701,712,6,
12,RdCL,2703,101,5,
12,RdCL,2704,2,1,
12,RvrCL,5301,19,2,
12,TpgphArea,7403,34,3,
12,WA,5101,3,3,
12,WA,5201,19,5,
12,WRltLine,5902,2,2,
12,WStrA,5411,2,1,
13,AdmBdry,1212,11,3,
13,Anno,110,1,1,稚内市
13,Anno,210,12,4,住吉町 / 春日町 / 南浜町
13,Anno,220,4,2,菊水 / 豊平 / 神楽
13,Anno,2901,4,4,453 / 237 / 38
13,Anno,3205,5,5,
13,Anno,3206,2,2,
13,Anno,321,1,1,春採湖
13,Anno,3212,11,3,
13,Anno,3218,5,3,
13,Anno,322,3,3,亀田川 / 美瑛川 / 釧路川
13,Anno,3241,4,3,
13,Anno,3243,3,3,
13,Anno,343,1,1,立待岬
13,Anno,4102,4,2,
13,Anno,412,3,3,道の駅
13,Anno,421,1,1,富良野線
13,Anno,422,6,4,札幌駅 / 旭川駅 / 神楽岡駅
13,Anno,621,3,2,振興局 / 道庁 / 総合振興局
13,Anno,631,4,2,札幌医科大 / 北海学園大 / 北海商科大
13,Anno,6311,49,2,
13,Anno,6312,13,1,
13,Anno,6331,2,2,
13,Anno,6341,1,1,
13,Anno,6361,1,1,
13,Anno,661,1,1,上川神社
13,Anno,7102,3,3,137 / 32 / 210
13,Cntr,7351,14,4,
13,Cntr,7353,1,1,
13,RailCL,8201,131,5,
13,RdCL,2701,4808,6,
13,RdCL,2703,57,6,
13,RdCL,2704,4,2,
13,RvrCL,5301,4,1,
13,TpgphArea,7403,10,2,
13,WA,5101,3,3,
13,WA,5201,9,5,
13,WStrA,5411,2,1,
14,AdmArea,1103,12,4,
14,AdmArea,1104,7,2,
14,AdmBdry,1212,32,2,
14,Anno,110,1,1,中央区
14,Anno,210,65,6,北四条西（二） / 南二条西（二） / 南二条東（二）
14,Anno,2901,6,3,5 / 12 / 36
14,Anno,3201,4,3,
14,Anno,3203,1,1,
14,Anno,3205,4,4,釧路市
14,Anno,3206,1,1,
14,Anno,3211,12,5,
14,Anno,3212,1,1,
14,Anno,3213,3,3,
14,Anno,3214,8,5,
14,Anno,3215,6,3,
14,Anno,3216,4,3,
14,Anno,3217,2,2,
14,Anno,3218,30,6,
14,Anno,322,1,1,釧路川
14,Anno,3231,8,5,
14,Anno,3232,40,5,
14,Anno,3241,2,2,
14,Anno,3242,3,3,
14,Anno,3243,9,3,
14,Anno,3244,1,1,
14,Anno,342,1,1,大森浜
14,Anno,4102,1,1,
14,Anno,4104,19,6,
14,Anno,411,1,1,狸小路
14,Anno,412,1,1,道の駅
14,Anno,413,3,2,豊平橋 / 一条大橋 / 赤沼橋
14,Anno,421,3,2,地下鉄東豊線 / 宗谷本線 / 富良野線
14,Anno,422,10,3,札幌駅 / さっぽろ駅 / 大通駅
14,Anno,431,1,1,釧路港
14,Anno,432,4,1,漁業埠頭 / 北埠頭 / 中央埠頭
14,Anno,511,2,2,テレビ塔 / 百年記念塔
14,Anno,531,1,1,氷雪の門
14,Anno,534,2,2,函館公園 / 稚内公園
14,Anno,615,1,1,海上自衛隊函館基地隊
14,Anno,6301,11,3,
14,Anno,6311,159,1,
14,Anno,6312,95,1,
14,Anno,6321,42,4,
14,Anno,6322,34,3,
14,Anno,6326,15,2,
14,Anno,6327,23,2,
14,Anno,6331,1,1,
14,Anno,6361,1,1,
14,Anno,661,2,2,護国神社 / 北門神社
14,Anno,662,2,1,禅徳寺 / 量徳寺
14,Anno,673,5,3,市民ホール / 体育館 / 総合文化センター
14,Anno,681,3,2,時計台 / 聖ヨハネ教会 / 卸売市場
14,Anno,7102,11,5,2.3 / 3.3 / 111.9
14,Anno,7103,4,2,17.6 / 113.6 / 116.4
14,Anno,7201,24,6,22 / 19 / 24
14,Anno,8103,1,1,
14,Anno,8105,15,5,
14,BldA,3101,101,6,
14,BldA,3102,177,5,
14,BldA,3103,5,1,
14,BldA,3111,13,4,
14,BldA,3112,8,2,
14,Cntr,7351,393,6,
14,Cntr,7352,3,3,
14,Cntr,7353,64,3,
14,Cstline,5101,8,1,
14,Cstline,5103,40,3,
14,PwrTrnsmL,8202,5,1,
14,RailCL,8201,114,4,
14,RdCL,2701,4360,6,
14,RdCL,2703,14,4,
14,RdCL,2704,6,1,
14,RdCL,2711,290,6,
14,RdCL,2713,3,1,
14,RdCL,2731,1,1,
14,RvrCL,5301,90,5,
14,RvrCL,5321,2,1,
14,RvrCL,5322,2,2,
14,SpcfArea,6101,15,4,
14,StrctArea,4301,1,1,
14,StrctLine,4201,16,2,
14,TpgphArea,7403,2,2,
14,WA,5100,24,3,
14,WA,5200,47,6,
14,WStrA,5411,2,1,
